<?xml version="1.0" encoding="utf-8" ?>
<Defs>
<!--============================ Diamond ===============================-->
  <ThingDef ParentName="ResourceBase">
    <defName>Diamond</defName>
    <label>Diamond</label>
    <description>Diamond, a mineral composed of pure carbon. It is the hardest naturally occurring substance known; it is also the most popular gemstone. Because of their extreme hardness, diamonds have a number of important industrial applications.</description>
    <graphicData>
      <texPath>Things/Item/Resource/Diamond</texPath>
      <graphicClass>Graphic_Single</graphicClass>
    </graphicData>
    <soundInteract>Silver_Drop</soundInteract> <!-- Silver_Drop Metal_Drop Wood_Drop ChunkRock_Drop -->
    <soundDrop>Silver_Drop</soundDrop>
    <statBases>
        <MarketValue>100</MarketValue> <!-- silver 1 gold 10 steel 1.9 plasteel 9 wood 1.2 uranium 6 jade 5 stone 0.9 -->
        <Mass>0.2</Mass> <!-- silver 0.008 gold 0.008 steel 0.5 plasteel 0.25 wood 0.4 uranium 1 jade 0.5; 1 = ~16000kg/m3 -->
        <!-- <Flammability>value</Flammability> --> <!-- wood 1.0 - flammability of the item itself!! -->
        <!-- <MaxHitPoints>value</MaxHitPoints> --> <!-- Stone 200 -->
        <StuffPower_Armor_Sharp>1.66</StuffPower_Armor_Sharp>      <!-- silver 0.72 gold 0.72 steel 0.9  plasteel 1.14 wood 0.54 uranium 1.08 jade 0.9 -->
        <StuffPower_Armor_Blunt>0.92</StuffPower_Armor_Blunt>         <!-- silver 0.36 gold 0.36 steel 0.45 plasteel 0.55 wood 0.54 uranium 0.54 jade 0.45 -->
        <StuffPower_Armor_Heat>0.36</StuffPower_Armor_Heat>           <!-- silver 0.36 gold 0.36 steel 0.60 plasteel 0.65 wood 0.4  uranium 0.65 jade 0.54 -->
        <StuffPower_Insulation_Cold>0.3</StuffPower_Insulation_Cold>    <!-- silver 0.3  gold 3    steel 3    plasteel 3    wood 8    uranium 3    jade 3 -->
        <StuffPower_Insulation_Heat>0.3</StuffPower_Insulation_Heat>    <!-- silver 0.0  gold 0    steel 0    plasteel 0    wood 4    uranium 0    jade 0 -->
        <SharpDamageMultiplier>1.9</SharpDamageMultiplier>              <!-- silver 0.85 gold 0.75 steel 1    plasteel 1.1  wood 0.4  uranium 1.1  jade - stone 0.6 -->
        <BluntDamageMultiplier>1.0</BluntDamageMultiplier>              <!-- silver 1.0  gold 1.0  steel 1    plasteel 0.9  wood 0.9  uranium 1.5  jade 1.5 stone 1.0 -->
        <!-- <ConstructionSpeedFactor>value</ConstructionSpeedFactor> --> <!-- stone 0.8-->
    </statBases>
    <useHitPoints>false</useHitPoints> <!-- should raw resource item have hitpoints -->
    <healthAffectsPrice>false</healthAffectsPrice>
    <thingCategories>
      <li>ResourcesRaw</li>
    </thingCategories>
    <deepCommonality>0.004</deepCommonality> <!-- silver 0.5 gold 0.5 steel 4 plasteel 1 uranium 1 jade 0.5 -->
    <deepCountPerPortion>1</deepCountPerPortion>
    <deepLumpSizeRange>1~5</deepLumpSizeRange> <!-- value1~value2 -->
    <burnableByRecipe>false</burnableByRecipe>
    <smeltable>false</smeltable> <!-- idk maybe if can smelt? -->
    <stuffProps>
      <categories>
          <li>Metallic</li>
	  <li>Stony</li> <!-- Metallic Woody Stony Fabric -->
      </categories>
      <commonality>0.001</commonality> <!-- silver 0.05 gold 0.02 steel 1.00 plasteel 0.05 wood 1.0 uranium 0.05 jade 0.05 -->
      <constructEffect>ConstructMetal</constructEffect> <!-- ConstructMetal ConstructWood -->
      <color>(185,242,255)</color>
      <soundImpactStuff>BulletImpact_Metal</soundImpactStuff> <!-- BulletImpact_Metal BulletImpact_Wood -->
      <soundMeleeHitSharp>MeleeHit_Metal_Sharp</soundMeleeHitSharp> <!-- MeleeHit_Metal_Sharp MeleeHit_Wood MeleeHit_Stone -->
      <soundMeleeHitBlunt>MeleeHit_Metal_Blunt</soundMeleeHitBlunt> <!-- MeleeHit_Metal_Blunt MeleeHit_Wood MeleeHit_Stone -->
       <statOffsets><!---->
           <Beauty>25</Beauty> <!-- silver 6 gold 20 jade 10 -->
           <!-- <WorkToBuild>value</WorkToBuild> --> <!-- stone 140 -->
      </statOffsets>
      <statFactors><!---->
        <MaxHitPoints>4</MaxHitPoints> <!-- silver 0.7 gold 0.6 steel 1 plasteel 2.8 wiid 0.65 uranium 2.5 jade 0.5 stone 1.8 -->
        <Beauty>3.0</Beauty> <!-- silver 2 gold 2.5 steel 1 plasteel 1 wood 1 uranium 0.5 jade 2.5 -->
        <WorkToMake>10</WorkToMake> <!-- gold 0.9 plasteel 2.2 wood 0.7 uranium 1.9 stone 1.3 -->
        <WorkToBuild>10</WorkToBuild> <!-- = worktomake, stone 6.0 --> 
        <Flammability>0.4</Flammability> <!-- silver 0.4 gold 0.4 steel 0.4 plasteel 0 wood 1 uranium 0 -->
        <!--<MeleeWeapon_CooldownMultiplier>value</MeleeWeapon_CooldownMultiplier> --> <!-- plasteel 0.8 uranium 1.1 stone 1.3 -->
        <!-- <DoorOpenSpeed>value</DoorOpenSpeed> --> <!-- wood 1.2 uranium 0.75 stone 0.45 -->
        <MarketValue>2</MarketValue> <!-- stone 0.4 -->
        <!-- <BedRestEffectiveness>0.9</BedRestEffectiveness> --> <!-- stone 0.9 -->
      </statFactors>
    </stuffProps>
    <terrainAffordanceNeeded>Medium</terrainAffordanceNeeded> <!-- Light Medium Heavy -->
  </ThingDef>
  
<!--============================ Amber ===============================-->
  <ThingDef ParentName="ResourceBase">
    <defName>Amber</defName>
    <label>Amber</label>
    <description>Amber is an organic gemstone, forming from the hardened resin of ancient pine trees. The hardening process of Amber is known as polymerization, which fossilizes the resin over many centuries and makes it hard and sturdy. Much valued from antiquity to the present, amber is made into a variety of decorative objects.</description>
    <graphicData>
      <texPath>Things/Item/Resource/Amber</texPath>
      <graphicClass>Graphic_Single</graphicClass>
    </graphicData>
    <soundInteract>Silver_Drop</soundInteract> <!-- Silver_Drop Metal_Drop Wood_Drop ChunkRock_Drop -->
    <soundDrop>Silver_Drop</soundDrop>
    <statBases>
        <MarketValue>20</MarketValue> <!-- silver 1 gold 10 steel 1.9 plasteel 9 wood 1.2 uranium 6 jade 5 stone 0.9 -->
        <Mass>0.1</Mass> <!-- silver 0.008 gold 0.008 steel 0.5 plasteel 0.25 wood 0.4 uranium 1 jade 0.5; 1 = ~16000kg/m3 -->
        <!-- <Flammability>value</Flammability> --> <!-- wood 1.0 - flammability of the item itself!! -->
        <!-- <MaxHitPoints>value</MaxHitPoints> --> <!-- Stone 200 -->
        <StuffPower_Armor_Sharp>1.0</StuffPower_Armor_Sharp>      <!-- silver 0.72 gold 0.72 steel 0.9  plasteel 1.14 wood 0.54 uranium 1.08 jade 0.9 -->
        <StuffPower_Armor_Blunt>0.5</StuffPower_Armor_Blunt>         <!-- silver 0.36 gold 0.36 steel 0.45 plasteel 0.55 wood 0.54 uranium 0.54 jade 0.45 -->
        <StuffPower_Armor_Heat>0.54</StuffPower_Armor_Heat>           <!-- silver 0.36 gold 0.36 steel 0.60 plasteel 0.65 wood 0.4  uranium 0.65 jade 0.54 -->
        <StuffPower_Insulation_Cold>3</StuffPower_Insulation_Cold>    <!-- silver 0.3  gold 3    steel 3    plasteel 3    wood 8    uranium 3    jade 3 -->
        <StuffPower_Insulation_Heat>1</StuffPower_Insulation_Heat>    <!-- silver 0.0  gold 0    steel 0    plasteel 0    wood 4    uranium 0    jade 0 -->
        <SharpDamageMultiplier>0.7</SharpDamageMultiplier>              <!-- silver 0.85 gold 0.75 steel 1    plasteel 1.1  wood 0.4  uranium 1.1  jade - stone 0.6 -->
        <BluntDamageMultiplier>1.0</BluntDamageMultiplier>              <!-- silver 1.0  gold 1.0  steel 1    plasteel 0.9  wood 0.9  uranium 1.5  jade 1.5 stone 1.0 -->
        <!-- <ConstructionSpeedFactor>value</ConstructionSpeedFactor> --> <!-- stone 0.8-->
    </statBases>
    <useHitPoints>false</useHitPoints> <!-- should raw resource item have hitpoints -->
    <healthAffectsPrice>false</healthAffectsPrice>
    <thingCategories>
      <li>ResourcesRaw</li>
    </thingCategories>
    <!-- <deepCommonality>0.0</deepCommonality> --> <!-- silver 0.5 gold 0.5 steel 4 plasteel 1 uranium 1 jade 0.5 -->
    <!--<deepCountPerPortion>10</deepCountPerPortion>
    <deepLumpSizeRange>1~5</deepLumpSizeRange>--> <!-- value1~value2 -->
    <burnableByRecipe>false</burnableByRecipe>
    <smeltable>false</smeltable> <!-- idk maybe if can smelt? -->
    <stuffProps>
      <categories>
          <li>Stony</li> <!-- Metallic Woody Stony Fabric -->
      </categories>
      <commonality>0.0003</commonality> <!-- silver 0.05 gold 0.02 steel 1.00 plasteel 0.05 wood 1.0 uranium 0.05 jade 0.05 -->
      <constructEffect>ConstructMetal</constructEffect> <!-- ConstructMetal ConstructWood -->
      <color>(255,191,0)</color> <!-- R,G,B -->
      <soundImpactStuff>BulletImpact_Metal</soundImpactStuff> <!-- BulletImpact_Metal BulletImpact_Wood -->
      <soundMeleeHitSharp>MeleeHit_Stone</soundMeleeHitSharp> <!-- MeleeHit_Metal_Sharp MeleeHit_Wood MeleeHit_Stone -->
      <soundMeleeHitBlunt>MeleeHit_Stone</soundMeleeHitBlunt> <!-- MeleeHit_Metal_Blunt MeleeHit_Wood MeleeHit_Stone -->
       <statOffsets><!---->
           <Beauty>10</Beauty> <!-- silver 6 gold 20 jade 10 -->
      </statOffsets>
      <statFactors><!---->
        <MaxHitPoints>0.7</MaxHitPoints> <!-- silver 0.7 gold 0.6 steel 1 plasteel 2.8 wiid 0.65 uranium 2.5 jade 0.5 stone 1.8 -->
        <Beauty>2.5</Beauty> <!-- silver 2 gold 2.5 steel 1 plasteel 1 wood 1 uranium 0.5 jade 2.5 -->
        <WorkToBuild>1.0</WorkToBuild> <!-- = worktomake, stone 6.0 --> 
        <Flammability>0.7</Flammability> <!-- silver 0.4 gold 0.4 steel 0.4 plasteel 0 wood 1 uranium 0 -->
      </statFactors>
    </stuffProps>
    <terrainAffordanceNeeded>Medium</terrainAffordanceNeeded> <!-- Light Medium Heavy -->
  </ThingDef>
  
  <!--============================ Pearl ===============================-->
  <ThingDef ParentName="ResourceBase">
    <defName>Pearl</defName>
    <label>Pearl</label>
    <description>A pearl is a hard, glistening material produced within the soft tissue (specifically the mantle) of a living shelled mollusk or another animal, such as fossil conulariids. The finest quality of natural pearls have been highly valued as gemstones and objects of beauty for many centuries. It is fragile, but very beautiful.</description>
    <graphicData>
      <texPath>Things/Item/Resource/Pearl</texPath>
      <graphicClass>Graphic_Single</graphicClass>
    </graphicData>
    <soundInteract>Silver_Drop</soundInteract> <!-- Silver_Drop Metal_Drop Wood_Drop ChunkRock_Drop -->
    <soundDrop>Silver_Drop</soundDrop>
    <statBases>
        <MarketValue>40</MarketValue> <!-- silver 1 gold 10 steel 1.9 plasteel 9 wood 1.2 uranium 6 jade 5 stone 0.9 -->
        <Mass>0.1</Mass> <!-- silver 0.008 gold 0.008 steel 0.5 plasteel 0.25 wood 0.4 uranium 1 jade 0.5; 1 = ~16000kg/m3 -->
        <!-- <Flammability>value</Flammability> --> <!-- wood 1.0 - flammability of the item itself!! -->
        <!-- <MaxHitPoints>value</MaxHitPoints> --> <!-- Stone 200 -->
        <StuffPower_Armor_Sharp>0.5</StuffPower_Armor_Sharp>      <!-- silver 0.72 gold 0.72 steel 0.9  plasteel 1.14 wood 0.54 uranium 1.08 jade 0.9 -->
        <StuffPower_Armor_Blunt>0.35</StuffPower_Armor_Blunt>         <!-- silver 0.36 gold 0.36 steel 0.45 plasteel 0.55 wood 0.54 uranium 0.54 jade 0.45 -->
        <StuffPower_Armor_Heat>0.3</StuffPower_Armor_Heat>           <!-- silver 0.36 gold 0.36 steel 0.60 plasteel 0.65 wood 0.4  uranium 0.65 jade 0.54 -->
        <StuffPower_Insulation_Cold>1</StuffPower_Insulation_Cold>    <!-- silver 0.3  gold 3    steel 3    plasteel 3    wood 8    uranium 3    jade 3 -->
        <StuffPower_Insulation_Heat>0</StuffPower_Insulation_Heat>    <!-- silver 0.0  gold 0    steel 0    plasteel 0    wood 4    uranium 0    jade 0 -->
        <SharpDamageMultiplier>0.6</SharpDamageMultiplier>              <!-- silver 0.85 gold 0.75 steel 1    plasteel 1.1  wood 0.4  uranium 1.1  jade - stone 0.6 -->
        <BluntDamageMultiplier>0.6</BluntDamageMultiplier>              <!-- silver 1.0  gold 1.0  steel 1    plasteel 0.9  wood 0.9  uranium 1.5  jade 1.5 stone 1.0 -->
        <!-- <ConstructionSpeedFactor>value</ConstructionSpeedFactor> --> <!-- stone 0.8-->
    </statBases>
    <useHitPoints>false</useHitPoints> <!-- should raw resource item have hitpoints -->
    <healthAffectsPrice>false</healthAffectsPrice>
    <thingCategories>
      <li>ResourcesRaw</li>
    </thingCategories>
    <!-- <deepCommonality>0.0</deepCommonality> --> <!-- silver 0.5 gold 0.5 steel 4 plasteel 1 uranium 1 jade 0.5 -->
    <!-- <deepCountPerPortion>10</deepCountPerPortion>
    <deepLumpSizeRange>1~5</deepLumpSizeRange> --> <!-- value1~value2 -->
    <burnableByRecipe>false</burnableByRecipe>
    <smeltable>false</smeltable> <!-- idk maybe if can smelt? -->
    <stuffProps>
      <categories>
          <li>Stony</li> <!-- Metallic Woody Stony Fabric -->
      </categories>
      <commonality>0.0003</commonality> <!-- silver 0.05 gold 0.02 steel 1.00 plasteel 0.05 wood 1.0 uranium 0.05 jade 0.05 -->
      <constructEffect>ConstructMetal</constructEffect> <!-- ConstructMetal ConstructWood -->
      <color>(234,224,200)</color> <!-- R,G,B -->
      <soundImpactStuff>BulletImpact_Metal</soundImpactStuff> <!-- BulletImpact_Metal BulletImpact_Wood -->
      <soundMeleeHitSharp>MeleeHit_Stone</soundMeleeHitSharp> <!-- MeleeHit_Metal_Sharp MeleeHit_Wood MeleeHit_Stone -->
      <soundMeleeHitBlunt>MeleeHit_Stone</soundMeleeHitBlunt> <!-- MeleeHit_Metal_Blunt MeleeHit_Wood MeleeHit_Stone -->
       <statOffsets><!---->
           <Beauty>25</Beauty> <!-- silver 6 gold 20 jade 10 -->
      </statOffsets>
      <statFactors><!---->
        <MaxHitPoints>0.3</MaxHitPoints> <!-- silver 0.7 gold 0.6 steel 1 plasteel 2.8 wiid 0.65 uranium 2.5 jade 0.5 stone 1.8 -->
        <Beauty>3.0</Beauty> <!-- silver 2 gold 2.5 steel 1 plasteel 1 wood 1 uranium 0.5 jade 2.5 -->
        <Flammability>0.0</Flammability> <!-- silver 0.4 gold 0.4 steel 0.4 plasteel 0 wood 1 uranium 0 -->
      </statFactors>
    </stuffProps>
    <terrainAffordanceNeeded>Medium</terrainAffordanceNeeded> <!-- Light Medium Heavy -->
  </ThingDef>
  
<!--============================ Ruby ===============================-->
  <ThingDef ParentName="ResourceBase">
    <defName>Ruby</defName>
    <label>Ruby</label>
    <description>A ruby is a blood-red colored gemstone that has accrued special and symbolic meaning through time.</description>
    <graphicData>
      <texPath>Things/Item/Resource/Ruby</texPath>
      <graphicClass>Graphic_Single</graphicClass>
    </graphicData>
    <soundInteract>Silver_Drop</soundInteract> <!-- Silver_Drop Metal_Drop Wood_Drop ChunkRock_Drop -->
    <soundDrop>Silver_Drop</soundDrop>
    <statBases>
        <MarketValue>10</MarketValue> <!-- silver 1 gold 10 steel 1.9 plasteel 9 wood 1.2 uranium 6 jade 5 stone 0.9 -->
        <Mass>0.25</Mass> <!-- silver 0.008 gold 0.008 steel 0.5 plasteel 0.25 wood 0.4 uranium 1 jade 0.5; 1 = ~16000kg/m3 -->
        <!-- <Flammability>value</Flammability> --> <!-- wood 1.0 - flammability of the item itself!! -->
        <!-- <MaxHitPoints>value</MaxHitPoints> --> <!-- Stone 200 -->
        <StuffPower_Armor_Sharp>0.9</StuffPower_Armor_Sharp>      <!-- silver 0.72 gold 0.72 steel 0.9  plasteel 1.14 wood 0.54 uranium 1.08 jade 0.9 -->
        <StuffPower_Armor_Blunt>0.45</StuffPower_Armor_Blunt>         <!-- silver 0.36 gold 0.36 steel 0.45 plasteel 0.55 wood 0.54 uranium 0.54 jade 0.45 -->
        <StuffPower_Armor_Heat>0.54</StuffPower_Armor_Heat>           <!-- silver 0.36 gold 0.36 steel 0.60 plasteel 0.65 wood 0.4  uranium 0.65 jade 0.54 -->
        <StuffPower_Insulation_Cold>3</StuffPower_Insulation_Cold>    <!-- silver 0.3  gold 3    steel 3    plasteel 3    wood 8    uranium 3    jade 3 -->
        <StuffPower_Insulation_Heat>0</StuffPower_Insulation_Heat>    <!-- silver 0.0  gold 0    steel 0    plasteel 0    wood 4    uranium 0    jade 0 -->
        <!-- <SharpDamageMultiplier>0.7</SharpDamageMultiplier> -->     <!-- silver 0.85 gold 0.75 steel 1    plasteel 1.1  wood 0.4  uranium 1.1  jade - stone 0.6 -->
        <BluntDamageMultiplier>1.5</BluntDamageMultiplier>              <!-- silver 1.0  gold 1.0  steel 1    plasteel 0.9  wood 0.9  uranium 1.5  jade 1.5 stone 1.0 -->
        <!-- <ConstructionSpeedFactor>value</ConstructionSpeedFactor> --> <!-- stone 0.8-->
    </statBases>
    <useHitPoints>false</useHitPoints> <!-- should raw resource item have hitpoints -->
    <healthAffectsPrice>false</healthAffectsPrice>
    <thingCategories>
      <li>ResourcesRaw</li>
    </thingCategories>
    <deepCommonality>0.01</deepCommonality> <!-- silver 0.5 gold 0.5 steel 4 plasteel 1 uranium 1 jade 0.5 -->
    <deepCountPerPortion>10</deepCountPerPortion>
    <deepLumpSizeRange>1~5</deepLumpSizeRange> <!-- value1~value2 -->
    <burnableByRecipe>false</burnableByRecipe>
    <smeltable>false</smeltable> <!-- idk maybe if can smelt? -->
    <stuffProps>
      <categories>
          <li>Stony</li> <!-- Metallic Woody Stony Fabric -->
      </categories>
      <commonality>0.0003</commonality> <!-- silver 0.05 gold 0.02 steel 1.00 plasteel 0.05 wood 1.0 uranium 0.05 jade 0.05 -->
      <constructEffect>ConstructMetal</constructEffect> <!-- ConstructMetal ConstructWood -->
      <color>(224,17,95)</color> <!-- R,G,B -->
      <soundImpactStuff>BulletImpact_Metal</soundImpactStuff> <!-- BulletImpact_Metal BulletImpact_Wood -->
      <soundMeleeHitSharp>MeleeHit_Stone</soundMeleeHitSharp> <!-- MeleeHit_Metal_Sharp MeleeHit_Wood MeleeHit_Stone -->
      <soundMeleeHitBlunt>MeleeHit_Stone</soundMeleeHitBlunt> <!-- MeleeHit_Metal_Blunt MeleeHit_Wood MeleeHit_Stone -->
       <statOffsets><!---->
           <Beauty>15</Beauty> <!-- silver 6 gold 20 jade 10 -->
      </statOffsets>
      <statFactors><!---->
        <MaxHitPoints>0.5</MaxHitPoints> <!-- silver 0.7 gold 0.6 steel 1 plasteel 2.8 wiid 0.65 uranium 2.5 jade 0.5 stone 1.8 -->
        <Beauty>2.5</Beauty> <!-- silver 2 gold 2.5 steel 1 plasteel 1 wood 1 uranium 0.5 jade 2.5 -->
      </statFactors>
    </stuffProps>
    <terrainAffordanceNeeded>Medium</terrainAffordanceNeeded> <!-- Light Medium Heavy -->
  </ThingDef>
  
  
</Defs>
