<?xml version="1.0" encoding="utf-8"?>
<ModMetaData>

	<name>TMaterials - Gemstones</name>
	<author>test</author>
	<packageId>test.TMaterials.Gemstones.1.0</packageId>
	<description>NOTE
The graphics in this mod is NOT mine! It is creative commons graphics I found on google. All I did was slightly edited it in GIMP to fit the rimworld style.

Description:
TMaterials focuses on diversifying the procedural generation with some new realistic, interesting and balanced materials. They are uncraftable and unobtainable through mountain mining. Depending on the material, you will see AI pawns carry items made from the new materials, generated buildings made from them, and you will be able to buy them from traders.

This module adds gemstones. They are very rare, expensive, and are mostly used for decoration. Diamond has excellent mechanical properties and can be used for weapons and armor, but it is also the rarest and the most expensive material.

The spawn rarity is untested and might be too low. The intention of this mod is to make weapons/armor like diamond knives spawn very rarely on enemy pawns, or if you get extremely lucky, you might encounter a diamond structure (most players will never find that). Other gemstones are even rarer, as they don't have good mechanical properties and they are less likely to be used for structures or weapons. Please report how common the gems from this mod are, and I will adjust the commonality accordingly.</description>
	<supportedVersions>
		<li>1.2</li>
	</supportedVersions>
	<loadAfter>
	</loadAfter>
</ModMetaData>
